Sigla OACI;DescriÁ„o;Cidade;UF;PaÌs;Continente
1AON;OUROLANDIA DO NORTE;OURILANDIA DO NORTE;PA;BRASIL;AMERICA DO SUL
2NHT;HOTEL TRANSAM…RICA;UNA ;BA;BRASIL;AMERICA DO SUL
6ASO;SORRISO;SORRISO;MT;BRASIL;AMERICA DO SUL
CYMX;MONTREAL-MIRABEL INTERNATIONAL AIRPORT;MIRABEL;;CANADA;AMERICA DO NORTE
CYQB;QUEBEC CITY JEAN LESAGE INTERNATIONAL AIRPORT;QUEBEC JEAN LESAGE INTL;;CANADA;AMERICA DO NORTE
CYWG;WINNIPEG JAMES ARMSTRONG RICHARDSON INTERNATIONAL AIRPORT;;;CANADA;AMERICA DO NORTE
CYYC;CALGARY INTERNATIONAL AIRPORT;;;CANADA;AMERICA DO NORTE
CYYZ;TORONTO PEARSON INTERNATIONAL AIRPORT;TORONTO;;CANADA;AMERICA DO NORTE
DAAG;HOUARI BOUMEDIENNE AIRPORT;;;ARGELIA;AFRICA
DABT;BATNA AIRPORT;;;ARGELIA;AFRICA
DFFD;OUAGADOUGOU AIRPORT;;;BURKINA-FASSO;AFRICA
DGAA;KOTOKA INTERNATIONAL AIRPORT;ACCRA/KOTOKA INTL;;GANA;AFRICA
DIAP;PORT BOUET AIRPORT (FELIX HOUPHOUET BOIGNY INTERNATIONAL AIRPORT);ABIDJAN;;COSTA DO MARFIM;AFRICA
DNAA;NNAMDI AZIKIWE INTERNATIONAL AIRPORT;;;NIGERIA;AFRICA
DNMM;MURTALA MOHAMMED INTERNATIONAL AIRPORT;LAGOS;;NIGERIA;AFRICA
DNPO;PORT HARCOURT INTERNATIONAL AIRPORT;OMAGWA;;NIGERIA;AFRICA
DTTA;TUNIS - CARTHAGE INTERNATIONAL AIRPORT;TUNIS;;TUNISIA;AFRICA
DXXX;LOME-TOKOIN AIRPORT;LOME;;TOGO;AFRICA
EBBR;BRUSSELS AIRPORT;BRUXELAS;;BELGICA;EUROPA
EBCI;BRUSSELS SOUTH CHARLEROI AIRPORT;;;BELGICA;EUROPA
EBLG;LIEGE AIRPORT;LIEGE;;BELGICA;EUROPA
EBOS;OSTEND-BRUGES INTERNATIONAL AIRPORT;OOSTENDE;;BELGICA;EUROPA
EDDB;BERLIN-SCHÖNEFELD INTERNATIONAL AIRPORT;BERLIN SCHOENEFELD;;ALEMANHA;EUROPA
EDDF;FRANKFURT INTERNATIONAL AIRPORT;FRANKFURT;;ALEMANHA;EUROPA
EDDH;HAMBURG AIRPORT;HAMBURG;;ALEMANHA;EUROPA
EDDK;COLOGNE BONN AIRPORT;KOLN-BONN;;ALEMANHA;EUROPA
EDDL;DUSSELDORF INTERNATIONAL AIRPORT;DUSSELDORF;;ALEMANHA;EUROPA
EDDM;MUNICH INTERNATIONAL AIRPORT (FRANZ JOSEF STRAUß INTERNATIONAL AIRPORT);MUNCHEN;;ALEMANHA;EUROPA
EDDR;SAARBRUCKEN AIRPORT;SAARBRUCKEN;;ALEMANHA;EUROPA
EDDS;STUTTGART ECHTERDINGEN AIRPORT;;;ALEMANHA;EUROPA
EDDT;TEGEL INTERNATIONAL AIRPORT;BERLIN TEGEL;;ALEMANHA;EUROPA
EDDV;HANOVER/LANGENHAGEN INTERNATIONAL AIRPORT;HANNOVER;;ALEMANHA;EUROPA
EDFH;FRANKFURT-HAHN AIRPORT;HAHN;;ALEMANHA;EUROPA
EDHI;HAMBURG FINKENWERDER AIRPORT;HAMBURG-FINKENWERDER;;ALEMANHA;EUROPA
EGBB;BIRMINGHAM AIRPORT;BIRMINGHAM;;REINO UNIDO;EUROPA
EGBP;COTSWOLD AIRPORT;;;REINO UNIDO;EUROPA
EGDX;MOD SAINT ATHAN;ST ATHAN;;REINO UNIDO;EUROPA
EGGW;LONDON LUTON AIRPORT;LUTON;;REINO UNIDO;EUROPA
EGHL;LASHAM AIRFIELD;LASHAM;;REINO UNIDO;EUROPA
EGKK;LONDON GATWICK AIRPORT;LONDRES;;REINO UNIDO;EUROPA
EGLL;LONDON HEATHROW AIRPORT;LONDRES;;REINO UNIDO;EUROPA
EGMH;KENT INTERNATIONAL AIRPORT;;;REINO UNIDO;EUROPA
EGNL;BARROW/WALNEY ISLAND AIRFIELD;;;REINO UNIDO;EUROPA
EGNT;NEWCASTLE AIRPORT;;;REINO UNIDO;EUROPA
EGNX;EAST MIDLANDS AIRPORT;EAST  MIDLANDS;;REINO UNIDO;EUROPA
EGPF;GLASGOW INTERNATIONAL AIRPORT;;;REINO UNIDO;EUROPA
EGPK;GLASGOW PRESTWICK INTERNATIONAL AIRPORT;PRESTWICK;;REINO UNIDO;EUROPA
EGSH;NORWICH INTERNATIONAL AIRPORT;NORWICH;;REINO UNIDO;EUROPA
EGSS;LONDON STANSTED AIRPORT;LONDRES;;REINO UNIDO;EUROPA
EGTE;EXETER INTERNATIONAL AIRPORT;CLYST-HONITON;;REINO UNIDO;EUROPA
EHAM;AMSTERDAM AIRPORT SCHIPHOL;AMSTERDAM;;HOLANDA;EUROPA
EHBK;MAASTRICHT AACHEN AIRPORT;AMSTERDAM;;HOLANDA;EUROPA
EHWO;WOENSDRECHT AIR BASE;NETHERLANDS/BERGEN;;HOLANDA;EUROPA
EINN;SHANNON AIRPORT;SHANNON;;IRLANDA;EUROPA
EKCH;COPENHAGEN AIRPORT;KOPENHAGEN;;ILHAS FEROE;EUROPA
ELLX;LUXEMBOURG FINDEL AIRPORT;LUXEMBURGO;;LUXEMBURGO;EUROPA
ENGM;OSLO AIRPORT;OSLO;;NORUEGA;EUROPA
EPWA;WARSAW FREDERIC CHOPIN AIRPORT (OKECIE INTERNATIONAL AIRPORT);WARSAW OKECIE;;POLONIA;EUROPA
ESGG;GÖTEBORG-LANDVETTER AIRPORT;GOTEBORG;;SUECIA;EUROPA
ESSA;STOCKHOLM-ARLANDA AIRPORT;STOCKHOLM/ARLANDA;;SUECIA;EUROPA
EVRA;RĪGAINTERNATIONALAIRPORT;;;LETÔNIA;EUROPA
FACT;CAPE TOWN INTERNATIONAL AIRPORT;CAPE TOWN;;AFRICA DO SUL ;AFRICA
FAJS;OR TAMBO INTERNATIONAL AIRPORT;JOHANNESBURG;;AFRICA DO SUL ;AFRICA
FALA;LANSERIA AIRPORT;JOHANNESBURG;;AFRICA DO SUL ;AFRICA
FALE;KING SHAKA INTERNATIONAL AIRPORT;LA MERCY;;AFRICA DO SUL ;AFRICA
FAOR;OR TAMBO INTERNATIONAL AIRPORT;KEMPTON PARK;;AFRICA DO SUL ;AFRICA
FAUP;UPINGTON AIRPORT;UPINGTON;;AFRICA DO SUL ;AFRICA
FAWB;WONDERBOOM AIRPORT;WONDERBOOM;;AFRICA DO SUL ;AFRICA
FCBB;MAYA-MAYA AIRPORT;BRAZZAVILLE;;CONGO;AFRICA
FCPP;POINTE NOIRE AIRPORT;POINTE NOIRE AGOTINO NETO;;CONGO;AFRICA
FGSL;MALABO AIRPORT;MALABO;;GUINE EQUATORIAL;AFRICA
FKYS;YAOUNE NSIMALEN INTERNATIONAL AIRPORT;;;CAMAROES;AFRICA
FLLS;LUSAKA INTERNATIONAL AIRPORT;LUSAKA;;ZAMBIA;AFRICA
FNLU;QUATRO DE FEVEREIRO AIRPORT;LUANDA;;ANGOLA;AFRICA
FQMA;MAPUTO INTERNATIONAL AIRPORT;MAPUTO;;MOCAMBIQUE;AFRICA
FVHA;HARARE INTERNATIONAL AIRPORT;HARARE;;ZIMBAÅBUE;AFRICA
FYWH;WINDHOEK HOSEA KUTAKO INTERNATIONAL AIRPORT;WINDHOEK;;NAMIçBIA;AFRICA
GBYD;BANJUL INTERNATIONAL AIRPORT (YUNDUM INT´L);BANJUL;;GAMBIA;AFRICA
GCLA;LA PALMA AIRPORT;;;ILHAS CANAÅRIAS;AFRICA
GCLP;GRAN CANARIA AIRPORT;LAS PALMAS;;ILHAS CANAÅRIAS;AFRICA
GCRR;LANZAROTE AIRPORT;LANZAROTE/ILHAS CANARIAS;;ESPANHA;EUROPA
GCTS;TENERIFE SOUTH AIRPORT;TENERIFE;;ESPANHA;EUROPA
GCXO;TENERIFE NORTH AIRPORT;TENERIFE;;ESPANHA;EUROPA
GLCP;CAPE PALMAS AIRPORT;GREENVILLE;;LIBERIA;AFRICA
GLRB;MONROVIA;MONROVIA;;LIBÉRIA;AFRICA
GMAD;AGADIR/ AL MASSLRA;AGADIR/ AL MASSLRA;;MARROCOS;AFRICA
GMFK;MOULAY ALI CHERIF AIRPORT;ERRACHIDIA;;MARROCOS;AFRICA
GMMN;AEROPORTO INTERNACIONAL MOHAMMED V;CASABLANCA;;MARROCOS;AFRICA
GMMX;MARRAKECH/MENARA;MARRAKECH/MENARA;;MARROCOS;AFRICA
GOOY;DACAR;DACAR;;SENEGAL;AFRICA
GQNN;NOUAKCHOTT INTERNATIONAL AIRPORT;;;MAURITANIA;AFRICA
GUCY;CONAKRY/GBESSIA;CONAKRY/GBESSIA;;GUINE;AFRICA
GVAC;AEROPORTO INTERNACIONAL AMÍLCAR CABRAL;ILHA DO SAL;;CABO VERDE;AFRICA
GVFM;FRANCISCO MENDES;FRANCISCO MENDES;;CABO VERDE;AFRICA
GVNP;CABO VERDE;CABO VERDE;;CABO VERDE;AFRICA
HAAB;BOLE INTERNATIONAL AIRPORT;;;ETIOPIA;AFRICA
HECA;CAIRO INTERNATIONAL AIRPORT;CAIRO;;EGITO;AFRICA
HKJK;JOMO KENYATTA INTERNATIONAL AIRPORT (FORMERLY NAIROBI INTERNATIONAL AIRPORT);NAIR”BI;;QUENIA;AFRICA
KADW;ANDREWS AIR FORCE BASE;CAMP SPRINGS/ANDREWS AFB,MD;;ESTADOS UNIDOS DA AMERICA;AMERICA DO NORTE
KATL;HARTSFIELD JACKSON ATLANTA INTERNATIONAL AIRPORT;ATLANTA/INTL;;ESTADOS UNIDOS DA AMERICA;AMERICA DO NORTE
KAUS;AUSTIN BERGSTROM INTERNATIONAL AIRPORT;AUSTIN;;ESTADOS UNIDOS DA AMERICA;AMERICA DO NORTE
KBFI;BOEING FIELD/KING COUNTY INTERNATIONAL AIRPORT;SEATTLE BOEING F.INTL;;ESTADOS UNIDOS DA AMERICA;AMERICA DO NORTE
KBGR;BANGOR INTERNATIONAL AIRPORT;BANGOR, MAINE;;ESTADOS UNIDOS DA AMERICA;AMERICA DO NORTE
KBHM;BIRMINGHAM-SHUTTLESWORTH INTERNATIONAL AIRPORT;;;ESTADOS UNIDOS DA AMERICA;AMERICA DO NORTE
KBKV;HERNANDO COUNTY AIRPORT;;;ESTADOS UNIDOS DA AMERICA;AMERICA DO NORTE
KBNA;NASHVILLE INTERNATIONAL AIRPORT;NASHVILLE, TENNESSEE;NI;ESTADOS UNIDOS DA AMERICA;AMERICA DO NORTE
KBOS;LOGAN INTERNATIONAL AIRPORT;BOSTON;;ESTADOS UNIDOS DA AMERICA;AMERICA DO NORTE
KBWI;BALTIMORE-WASHINGTON INTERNATIONAL THURGOOD MARSHALL AIRPORT;;;ESTADOS UNIDOS DA AMERICA;AMERICA DO NORTE
KCHS;CHARLESTON INTERNATIONAL AIRPORT (CHARLESTON AIR FORCE BASE);CHARLESTON;;ESTADOS UNIDOS DA AMERICA;AMERICA DO NORTE
KCLE;CLEVELAND HOPKINS INTERNATIONAL AIRPORT;;;ESTADOS UNIDOS DA AMERICA;AMERICA DO NORTE
KCLT;CHARLOTTE/DOUGLAS INTERNATIONAL AIRPORT;CHARLOTTE DOUGLAS INTL;;ESTADOS UNIDOS DA AMERICA;AMERICA DO NORTE
KDAL;DALLAS LOVE FIELD;DALLAS;;ESTADOS UNIDOS DA AMERICA;AMERICA DO NORTE
KDEN;DENVER INTERNATIONAL AIRPORT (STAPLETON INT´L);;;ESTADOS UNIDOS DA AMERICA;AMERICA DO NORTE
KDFW;DALLAS-FORT WORTH INTERNATIONAL AIRPORT;DALLAS/FORT WORTH;;ESTADOS UNIDOS DA AMERICA;AMERICA DO NORTE
KDHN;DOTHAN REGIONAL AIRPORT;DOTHAN;;ESTADOS UNIDOS DA AMERICA;AMERICA DO NORTE
KDOV;DOVER AIR FORCE BASE;DOVER;;ESTADOS UNIDOS DA AMERICA;AMERICA DO NORTE
KDTW;DETROIT METROPOLITAN WAYNE COUNTY AIRPORT;DETROIT;;ESTADOS UNIDOS DA AMERICA;AMERICA DO NORTE
KELP;EL PASO INTERNATIONAL AIRPORT;EL PASONTL NY;;ESTADOS UNIDOS DA AMERICA;AMERICA DO NORTE
KEWR;NEWARK LIBERTY INTERNATIONAL AIRPORT;NEWARK / INTL NJ;;ESTADOS UNIDOS DA AMERICA;AMERICA DO NORTE
KFFL;FAIRFIELD MUNICIPAL AIRPORT;;;ESTADOS UNIDOS DA AMERICA;AMERICA DO NORTE
KFLL;FORT LAUDERDALE-HOLLYWOOD INTERNATIONAL AIRPORT;FORT LAUDERDALE;;ESTADOS UNIDOS DA AMERICA;AMERICA DO NORTE
KGSO;PIEDMONT TRIAD INTERNATIONAL AIRPORT;PIEDMONT TRIAD INTL;;ESTADOS UNIDOS DA AMERICA;AMERICA DO NORTE
KGTF;GREAT FALLS INTERNATIONAL AIRPORT;GREAT FALLS;;ESTADOS UNIDOS DA AMERICA;AMERICA DO NORTE
KGWO;GREENWOOD-LEFLORE AIRPORT;CARROLL COUNTY, MISSISSIPPI;;ESTADOS UNIDOS DA AMERICA;AMERICA DO NORTE
KGYR;GOODYEAR MUNICIPAL AIRPORT;PHOENIX GOODYEAR;;ESTADOS UNIDOS DA AMERICA;AMERICA DO NORTE
KHOU;WILLIAM P. HOBBY AIRPORT;HOUSTON;;ESTADOS UNIDOS DA AMERICA;AMERICA DO NORTE
KHSV;HUNTSVILLE INTERNATIONAL AIRPORT (CARL T. JONES FIELD);HUNTSVILLE;;ESTADOS UNIDOS DA AMERICA;AMERICA DO NORTE
KIAB;MCCONNELL AIR FORCE BASE;WHICHITA;;ESTADOS UNIDOS DA AMERICA;AMERICA DO NORTE
KIAD;WASHINGTON DULLES INTERNATIONAL AIRPORT;WASHINGTON/DULLES INTL;;ESTADOS UNIDOS DA AMERICA;AMERICA DO NORTE
KIAH;GEORGE BUSH INTERCONTINENTAL AIRPORT;HOUSTON;;ESTADOS UNIDOS DA AMERICA;AMERICA DO NORTE
KILN;AIRBORNE AIRPARK;;;ESTADOS UNIDOS DA AMERICA;AMERICA DO NORTE
KIND;INDIANAPOLIS INTERNATIONAL AIRPORT;INDIANAPOLIS/INTL.IN;;ESTADOS UNIDOS DA AMERICA;AMERICA DO NORTE
KJAX;JACKSONVILLE INTERNATIONAL AIRPORT;JACKSONVILLE/INTL.FL.;;ESTADOS UNIDOS DA AMERICA;AMERICA DO NORTE
KJFK;JOHN F. KENNEDY INTERNATIONAL AIRPORT;NEW YORK;;ESTADOS UNIDOS DA AMERICA;AMERICA DO NORTE
KLAS;MCCARRAN INTERNATIONAL AIRPORT;LAS VEGAS/MCCARRAN INTL;;ESTADOS UNIDOS DA AMERICA;AMERICA DO NORTE
KLAX;LOS ANGELES INTERNATIONAL AIRPORT;LOS ANGELES;;ESTADOS UNIDOS DA AMERICA;AMERICA DO NORTE
KLCH;LAKE CHARLES REGIONAL AIRPORT;LAKE CHARLES;;ESTADOS UNIDOS DA AMERICA;AMERICA DO NORTE
KLCQ;LAKE CITY GATEWAY AIRPORT;LAKE CITY MUNI;;ESTADOS UNIDOS DA AMERICA;AMERICA DO NORTE
KLIT;CLINTON NATIONAL AIRPORT/ADAMS FIELD;LITTLE ROCK;;ESTADOS UNIDOS DA AMERICA;AMERICA DO NORTE
KMCI;KANSAS CITY INTERNATIONAL AIRPORT;KANSAS CITY, MISSOURI;;ESTADOS UNIDOS DA AMERICA;AMERICA DO NORTE
KMCO;ORLANDO INTERNATIONAL AIRPORT;ORLANDO;;ESTADOS UNIDOS DA AMERICA;AMERICA DO NORTE
KMEM;MEMPHIS INTERNATIONAL AIRPORT;MENPHIS;;ESTADOS UNIDOS DA AMERICA;AMERICA DO NORTE
KMIA;MIAMI INTERNATIONAL AIRPORT;MIAMI;;ESTADOS UNIDOS DA AMERICA;AMERICA DO NORTE
KMSY;LOUIS ARMSTRONG INTERNATIONAL AIRPORT;NEW ORLEANS/INTL;;ESTADOS UNIDOS DA AMERICA;AMERICA DO NORTE
KMZJ;PINAL AIRPARK;PINAL;;ESTADOS UNIDOS DA AMERICA;AMERICA DO NORTE
KOKC;WILL ROGERS WORLD AIRPORT;OKLAHOMA;;ESTADOS UNIDOS DA AMERICA;AMERICA DO NORTE
KONT;ONTARIO INTERNATIONAL AIRPORT;ONTARIO INTL;;ESTADOS UNIDOS DA AMERICA;AMERICA DO NORTE
KOPF;OPA-LOCKA AIRPORT;MIAMI;;ESTADOS UNIDOS DA AMERICA;AMERICA DO NORTE
KORD;O´HARE INTERNATIONAL AIRPORT;CHICAGO;;ESTADOS UNIDOS DA AMERICA;AMERICA DO NORTE
KORL;ORLANDO EXECUTIVE AIRPORT;;;ESTADOS UNIDOS DA AMERICA;AMERICA DO NORTE
KPAE;SNOHOMISH COUNTY AIRPORT (PAINE FIELD);EVERETT/SNOHOMISH;;ESTADOS UNIDOS DA AMERICA;AMERICA DO NORTE
KPBI;PALM BEACH INTERNATIONAL AIRPORT;PALM BEACH INTL;;ESTADOS UNIDOS DA AMERICA;AMERICA DO NORTE
KPDX;PORTLAND INTERNATIONAL AIRPORT;;;ESTADOS UNIDOS DA AMERICA;AMERICA DO NORTE
KPHL;PHILADELPHIA INTERNATIONAL AIRPORT;PHILADELPHIA-INTL;;ESTADOS UNIDOS DA AMERICA;AMERICA DO NORTE
KPHX;PHOENIX SKY HARBOR INTERNATIONAL AIRPORT;ARIZONA PHENIX -  USA;;ESTADOS UNIDOS DA AMERICA;AMERICA DO NORTE
KRFD;CHICAGO ROCKFORD INTERNATIONAL AIRPORT;CHICAGO;;ESTADOS UNIDOS DA AMERICA;AMERICA DO NORTE
KRIV;MARCH AIR RESERVE BASE;;;ESTADOS UNIDOS DA AMERICA;AMERICA DO NORTE
KRME;GRIFFISS AIRPORT;ROME;;ESTADOS UNIDOS DA AMERICA;AMERICA DO NORTE
KROW;ROSWELL INTERNATIONAL AIR CENTER AIRPORT;ROSWELL/INDUSTRIAL;;ESTADOS UNIDOS DA AMERICA;AMERICA DO NORTE
KRSW;SOUTHWEST FLORIDA INTERNATIONAL AIRPORT;;;ESTADOS UNIDOS DA AMERICA;AMERICA DO NORTE
KSAN;SAN DIEGO INTERNATIONAL AIRPORT (LINDBERGH FIELD);;;ESTADOS UNIDOS DA AMERICA;AMERICA DO NORTE
KSAT;SAN ANTONIO INTERNATIONAL AIRPORT;SAN ANTONIO/INTL, TX;;ESTADOS UNIDOS DA AMERICA;AMERICA DO NORTE
KSBD;SAN BERNARDINO INTERNATIONAL AIRPORT;;;ESTADOS UNIDOS DA AMERICA;AMERICA DO NORTE
KSEA;SEATTLE-TACOMA INTERNATIONAL AIRPORT;SEATTLE/SEATTLE-TACOMA INTL;;ESTADOS UNIDOS DA AMERICA;AMERICA DO NORTE
KSFB;ORLANDO SANFORD INTERNATIONAL AIRPORT;STANFORD;;ESTADOS UNIDOS DA AMERICA;AMERICA DO NORTE
KSFO;SAN FRANCISCO INTERNATIONAL AIRPORT;SAN FRANCISCO;;ESTADOS UNIDOS DA AMERICA;AMERICA DO NORTE
KSJC;NORMAN Y. MINETA SAN JOSÉ INTERNATIONAL AIRPORT;;;ESTADOS UNIDOS DA AMERICA;AMERICA DO NORTE
KSTL;LAMBERT SAINT LOUIS INTERNATIONAL AIRPORT;ST. LOUIS;;ESTADOS UNIDOS DA AMERICA;AMERICA DO NORTE
KSUU;TRAVIS AIR FORCE BASE;FAIRFIELD;;ESTADOS UNIDOS DA AMERICA;AMERICA DO NORTE
KTPA;TAMPA INTERNATIONAL AIRPORT;TAMPA;N/I;ESTADOS UNIDOS DA AMERICA;AMERICA DO NORTE
KTUL;TULSA INTERNATIONAL AIRPORT;TULSA/INTL;;ESTADOS UNIDOS DA AMERICA;AMERICA DO NORTE
KTUS;TUCSON INTERNATIONAL AIRPORT;TUCSON/INTL;;ESTADOS UNIDOS DA AMERICA;AMERICA DO NORTE
KVCV;SOUTHERN CALIFORNIA LOGISTICS AIRPORT;SOUTHERN CALIFORNIA INTL;;ESTADOS UNIDOS DA AMERICA;AMERICA DO NORTE
KWRI;MCGUIRE AIR FORCE BASE;WRIGHTSTOWN;;ESTADOS UNIDOS DA AMERICA;AMERICA DO NORTE
LBSF;SOFIA INTERNATIONAL AIRPORT (VRAZHDEBNA);SOFIA;;BULGARIA;EUROPA
LEBL;BARCELONA-EL PRAT AIRPORT;BARCELONA;;ESPANHA;EUROPA
LEMD;ADOLFO SUÁREZ MADRID-BARAJAS AIRPORT;MADRID;;ESPANHA;EUROPA
LEMG;M√ÅLAGA-COSTA DEL SOL AIRPORT;M¡LAGA;;ESPANHA;EUROPA
LEPA;PALMA DE MALLORCA AIRPORT;PALMA DE MALLORCA;;ESPANHA;EUROPA
LESA;MATACÁN AIRPORT;SALAMANCA;;ESPANHA;EUROPA
LEST;SANTIAGO DE COMPOSTELA AIRPORT;;;ESPANHA;EUROPA
LETO;MADRID-TORREJÓN AIRPORT;MADRID-TORREJON;;ESPANHA;EUROPA
LEVC;VALENCIA AIRPORT;VALENCIA;;ESPANHA;EUROPA
LEVT;VITORIA AIRPORT;;;ESPANHA;EUROPA
LEZG;ZARAGOZA AIRPORT;ZARAGOZA;;ESPANHA;EUROPA
LEZL;SAN PABLO AIRPORT;SEVILLA;;ESPANHA;EUROPA
LFBD;BORDEAUX MÉRIGNAC AIRPORT;BORDEAUX;;FRANCA;EUROPA
LFBF;FRANCAZAL;TOULOUSE;;FRANCA;EUROPA
LFBO;TOULOUSE - BLAGNAC AIRPORT;TOULOUSE/BLAGNAC;;FRANCA;EUROPA
LFBT;TARBES - LOURDES PYRENEES AIRPORT;TARBES;;FRANCA;EUROPA
LFCF;FIGEAC;FIGEAC;;FRANCA;EUROPA
LFML;MARSEILLE PROVENCE AIRPORT;MARSEILLE;;FRANCA;EUROPA
LFMT;MONTPELLIER-MÉDITERRANÉE AIRPORT;MONTPELLIER;;FRANCA;EUROPA
LFOG;FLERS SAINT-PAUL AIRPORT;;;FRANCA;EUROPA
LFOK;CHÂLONS VATRY AIRPORT;CHALONS-VATRY;;FRANCA;EUROPA
LFPB;PARIS LE BOURGET AIRPORT;PARISñLE BOURGET;;FRANCA;EUROPA
LFPF;BEYNES THIVERVAL AIRPORT;;;FRANCA;EUROPA
LFPG;PARIS-CHARLES DE GAULLE AIRPORT (ROISSY AIRPORT);PARIS;;FRANCA;EUROPA
LFPO;PARIS ORLY AIRPORT;PARIS;;FRANCA;EUROPA
LFRS;NANTES ATLANTIQUE AIRPORT (FORMERLY AÉROPORT CHÂTEAU BOUGON);;;FRANCA;EUROPA
LFSB;EUROAIRPORT BASEL-MULHOUSE-FREIBURG;;;FRANCA;EUROPA
LFTW;NÎMES-ALÈS-CAMARGUE-CÉVENNES AIRPORT (GARONS AIRPORT);NIMES-GARONS;;FRANCA;EUROPA
LGAT;ELLINIKON INTERNACIONAL AIRPORT;ATENAS;;FRANCA;EUROPA
LHBP;LISZT FERENC INTERNATIONAL AIRPORT;BUDAPESTE;;HUNGRIA;EUROPA
LIBR;CASALE AIRPORT;BRINDISI;;ITALIA;EUROPA
LICJ;PALERMO AIRPORT (PUNTA RAISI AIRPORT);PALERMO PUNTA RAISI;;ITALIA;EUROPA
LIMC;MALPENSA INTERNATIONAL AIRPORT;MILAO;;ITALIA;EUROPA
LIMF;TURIN INTERNATIONAL AIRPORT (TORINO CASELLE AIRPORT);TORINO/CASELLE;;ITALIA;EUROPA
LIMJ;GENOA CRISTOFORO COLOMBO AIRPORT (SESTRI AIRPORT);GENOVA;;ITALIA;EUROPA
LIML;LINATE AIRPORT;;;ITALIA;EUROPA
LIPO;BRESCIA AIRPORT GABRIELE D ANNUNZIO;MONTICHIARI;;ITALIA;EUROPA
LIRA;CIAMPINO AIRPORT (GIOVAN BATTISTA PASTINE AIRPORT);ROMA CIAMPINO;;ITALIA;EUROPA
LIRF;LEONARDO DA VINCI INTERNATIONAL AIRPORT (FIUMICINO INTERNATIONAL AIRPORT);ROMA;;ITALIA;EUROPA
LIRN;NAPLES INTERNATIONAL AIRPORT (CAPODICHINO AIRPORT);NAPOLI;;ITALIA;EUROPA
LKMT;OSTRAVA-MOŠNOV INTERNATIONAL AIRPORT;;;REPUBLICA TCHECA;EUROPA
LLAZ;GAZA AIRSTRIP (FORMERLY GUSH KATIF AIRPORT);;;ISRAEL;ASIA
LLBG;BEN GURION INTERNATIONAL AIRPORT;TEL AVIV;;ISRAEL;ASIA
LMML;MALTA INTERNATIONAL AIRPORT (LUQA AIRPORT);LUGA;;MALTA;EUROPA
LPAR;ALVERCA AB;ALVERCA;;PORTUGAL;EUROPA
LPAZ;SANTA MARIA AIRPORT;;;PORTUGAL;EUROPA
LPFR;FARO / MADEIRA AND ACORES;FARO / MADEIRA AND ACORES;;PORTUGAL;EUROPA
LPFU;AEROPORTO DE MADEIRA;FUNCHAL;;PORTUGAL;EUROPA
LPLA;LAJES AIR BASE INT.;;;PORTUGAL;EUROPA
LPPR;PORTO;PORTO;;PORTUGAL;EUROPA
LPPS;PORTO SANTO AIRPORT;;;PORTUGAL;EUROPA
LPPT;LISBOA;LISBOA;;PORTUGAL;EUROPA
LSGG;GENEVA COINTRIN INTERNATIONAL AIRPORT;GENEBRA;;SUÍÇA;EUROPA
LSZH;ZÜRICH AIRPORT (KLOTEN AIRPORT);ZURIQUE;;SUÍÇA;EUROPA
LTAI;ANTALYA AIRPORT;ANTALYA;;TURQUIA;EUROPA
LTBA;ATATÜRK INTERNATIONAL AIRPORT;ISTANBUL/ATATURK;;TURQUIA;EUROPA
LTFJ;SABIHA GÖKÇEN INTERNATIONAL AIRPORT;ISTAMBUL;;TURQUIA;EUROPA
LZIB;MILAN RASTISLAV ŠTEFÁNIK AIRPORT (BRATISLAVA AIRPORT);BRATISLAVA IVANCA;;ESLOVÁQUIA;EUROPA
MDLR;LA ROMANA INTERNATIONAL AIRPORT;LA ROMANA;;REPUBLICA DOMINICANA;AMERICA CENTRAL
MDPC;PUNTA CANA;PUNTA CANA;;REPUBLICA DOMINICANA;AMERICA CENTRAL
MDSD;SAO DOMINGO/DE LAS AMERICAS;SAO DOMINGO/DE LAS AM…RICAS;;REPUBLICA DOMINICANA;AMERICA CENTRAL
MGGT;AEROPORTO INTERNACIONAL LA AURORA;GUATEMALA/LA AURORA;;GUATEMALA;AMERICA CENTRAL
MKJP;KINGSTON/NORMAN MANLEY INTL;KINGSTON/NORMAN MANLEY INTL;;JAMAICA;AMERICA CENTRAL
MMAA;GENERAL JUAN N. ÁLVAREZ INTERNATIONAL AIRPORT;ACAPULCO/GEN.JUAN ALVAREZ;;MEXICO;AMERICA DO NORTE
MMGL;GUADALAJARA/INTL;GUADALAJARA/INTL;;MEXICO;AMERICA DO NORTE
MMMA;GENERAL SERVANDO CANALES INTERNATIONAL AIRPORT;N√O INFORMADO;N/I;MEXICO;AMERICA DO NORTE
MMMD;MERIDA;MERIDA;;MEXICO;AMERICA DO NORTE
MMMX;BENITO JUAREZ INTL;MEXICO;;MEXICO;AMERICA DO NORTE
MMMY;MONTERREY;MONTERREY;;MEXICO;AMERICA DO NORTE
MMPB;PUEBLA;PUEBLA;;MEXICO;AMERICA DO NORTE
MMPR;LIC. GUSTAVO DÍAZ ORDAZ INTERNATIONAL AIRPORT;PUERTO VALLARTA, JALISCO;;MEXICO;AMERICA DO NORTE
MMQT;ING. FERNANDO ESPINOZA GUTI√âRREZ INTERNATIONAL AIRPORT;COL”N;;MEXICO;AMERICA DO NORTE
MMSD;LOS CABOS INTERNATIONAL AIRPORT;;;MEXICO;AMERICA DO NORTE
MMTJ;TIJUANA;TIJUANA;;MEXICO;AMERICA DO NORTE
MMTO;TOLUCA;TOLUCA;;MEXICO;AMERICA DO NORTE
MMTP;TAPACHULA INTERNATIONAL AIRPORT;TAPACHULA;;MEXICO;AMERICA DO NORTE
MMUN;CANCUN/INTL;CANCUN/INTL;;MEXICO;AMERICA DO NORTE
MMVR;GENERAL HERIBERTO JARA INTERNATIONAL AIRPORT;;;MEXICO;AMERICA DO NORTE
MNMG;MANAGUA;MANAGUA;;NICARAGUA;AMERICA CENTRAL
MPHO;HOWARD AFB;HOWARD AFB;;PANAMA;AMERICA CENTRAL
MPPA;PANAMA PACIFICO, FORMERLY HOWARD AIR FORCE BASE;;;PANAMA;AMERICA CENTRAL
MPTO;TOCUMEN INTL;PANAMA;;PANAMA;AMERICA CENTRAL
MRLB;DANIEL ODUBER INTERNATIONAL AIRPORT;;;COSTA RICA;AMERICA CENTRAL
MROC;SAN JOSE/JUAN SANTAMARIA;SAN JOSE/JUAN SANTAMARIA;;COSTA RICA;AMERICA CENTRAL
MRSJ;AIRPORT SAN JOSE CIUDAD;SAN JOSE;;COSTA RICA;AMERICA CENTRAL
MSLP;SAN SALVADOR;SAN SALVADOR;;EL SALVADOR;AMERICA CENTRAL
MTPP;AEROPORTO INTERNACIONAL TOUSSAINT LOUVERTURE;PORT-DE-PAIX;;HAITI;AMERICA CENTRAL
MUCA;MAÅXIMO GOMEZ AIRPORT;;;CUBA;AMERICA CENTRAL
MUCC;JARDINES DEL REY AIRPORT;;;CUBA;AMERICA CENTRAL
MUCL;VILO ACUNA AIRPORT (JUAN VITALIO ACUNA AIRPORT);;;CUBA;AMERICA CENTRAL
MUCM;IGNÁCIO AGRAMONTE INTERNATIONL AIRPORT;CAMAGUEY;;CUBA;AMERICA CENTRAL
MUCU;ANTONIO MACEO AIRPORT;;;CUBA;AMERICA CENTRAL
MUHA;HAVANA;HAVANA;;CUBA;AMERICA CENTRAL
MUHG;FRANK PAÍS AIRPORT;;;CUBA;AMERICA CENTRAL
MULB;CIUDAD LIBERTAD AIRPORT;;;CUBA;AMERICA CENTRAL
MUSC;SANTA CLARA;SANTA CLARA;;CUBA;AMERICA CENTRAL
MUVR;JUAN GUALBERTO GOMEZ AIRPORT;;;CUBA;AMERICA CENTRAL
MYGF;GRAND BAHAMA INTERNATIONAL AIRPORT;;;BAHAMAS;AMERICA CENTRAL
MYNN;AEROPORTO INTERNACIONAL LYNDEN PINDLING;NASSAU/INTL NEW PROVIDENCE;;BAHAMAS;AMERICA CENTRAL
NZCH;CHRISTCHURCH;CHRISTCHURCH;;NOVA ZELANDIA;OCEANIA
OAMS;MAZAR AIRPORT;;;AFEGANISTAO;ASIA
OEJN;KING ABDULAZIZ INTERNATIONAL AIRPORT;;;ARAÅBIA SAUDITA;ASIA
OEMA;PRINCE MOHAMMAD BIN ABDULAZIZ AIRPORT;;;ARAÅBIA SAUDITA;ASIA
OERK;RIAD/KING KHALED INTL;RIAD/KING KHALED INTL;;ARAÅBIA SAUDITA;ASIA
OMAA;AB DHABI INTERNATIONAL;AB DHABI INTERNATIONAL;;EMIRADOSAÅRABES UNIDOS;ASIA
OMDB;DUBAI;DUBAI INTERNATIONAL;;EMIRADOSAÅRABES UNIDOS;ASIA
OMDW;DUBAI INTERNATIONAL AIRPORT;;;EMIRADOSAÅRABES UNIDOS;ASIA
OMSJ;SHARJAH INTERNATIONAL AIRPORT;SHARJAH;;EMIRADOSAÅRABES UNIDOS;ASIA
OOMS;MUSCAT INTERNATIONAL AIRPORT;MUSCAT;;OMA;ASIA
OSDI;DAMASCUS;DAMASCUS;;SIçRIA;ASIA
OTBD;DOHA INTERNATIONAL AIRPORT;DOHA;;QATAR;ASIA
OTHH;HAMAD INTERNATIONAL AIRPORT;;;QATAR;ASIA
PANC;TED STEVENS ANCHORAGE INTERNATIONAL AIRPORT;ANCHORAGE;;ESTADOS UNIDOS DA AMERICA;AMERICA DO NORTE
RJAA;NARITA INTERNATIONAL AIRPORT;TOKIO;;JAPAO;ASIA
RJCC;NEW CHITOSE AIRPORT;CHITOSE;;JAPAO;ASIA
RKSI;INCHEON INTERNATIONAL AIRPORT;INCHON INTL;;COREIA DO SUL;ASIA
RKSS;GIMPO INTERNATIONAL AIRPORT;SEUL;;COREIA DO SUL;ASIA
SAAR;ROSARIO - ISLAS MALVINAS INTERNATIONAL AIRPORT;ROS¡RIO;;ARGENTINA;AMERICA DO SUL
SABE;JORGE NEWBERY AIRPORT;BUENOS AIRES/AEROPARQUE;;ARGENTINA;AMERICA DO SUL
SACO;INGENIERO AMBROSIO L.V. TARAVELLA INTERNATIONAL AIRPORT;CORDOBA;;ARGENTINA;AMERICA DO SUL
SAEZ;MINISTRO PISTARINI INTERNATIONAL AIRPORT (EZEIZA INTERNATIONAL AIRPORT);BUENOS AIRES;;ARGENTINA;AMERICA DO SUL
SAIG;IGUAZU;IGUAZU;;ARGENTINA;AMERICA DO SUL
SAME;GOVERNOR FRANCISCO GABRIELLI INTERNATIONAL AIRPORT (EL PLUMERILLO INT´L);MENDOZA;;ARGENTINA;AMERICA DO SUL
SAMI;SAN MARTÍN AIRPORT;;;ARGENTINA;AMERICA DO SUL
SAMM;COMODORO D. RICARDO SALOMÓN AIRPORT;MALARGUE,MZA;;ARGENTINA;AMERICA DO SUL
SAMQ;MENDOZA, MZA;MENDOZA, MZA;;ARGENTINA;AMERICA DO SUL
SANT;TTE. GRAL. BENJAMÍN MATIENZO INTERNATIONAL AIRPORT;TUCUMAN/TEN BENJAMIIM MATIE;;ARGENTINA;AMERICA DO SUL
SARC;DOCTOR FERNANDO PIRAGINE NIVEYRO INTERNATIONAL AIRPORT;;;ARGENTINA;AMERICA DO SUL
SARE;RESISTENCIA INTERNATIONAL AIRPORT;RESISTENCIA;;ARGENTINA;AMERICA DO SUL
SARI;CATARATAS DEL IGUAZÚ INTERNATIONAL AIRPORT (IGUAZÚ FALLS);IGUAZU;;ARGENTINA;AMERICA DO SUL
SASA;MARTÍN MIGUEL DE GÜEMES INTERNATIONAL AIRPORT (EL AYBAL AIRPORT);SALTA,S;;ARGENTINA;AMERICA DO SUL
SASO;ORÁN AIRPORT;;;ARGENTINA;AMERICA DO SUL
SAVT;ALMIRANTE MARCO ANDRÉS ZAR AIRPORT;;;ARGENTINA;AMERICA DO SUL
SAZC;BRIGADIER HECTOR EDUARDO RUIZ AIRPORT;;;ARGENTINA;AMERICA DO SUL
SAZE;PIGUE;PIGUE;;ARGENTINA;AMERICA DO SUL
SAZM;ASTOR PIAZZOLLA INTERNATIONAL AIRPORT;;;ARGENTINA;AMERICA DO SUL
SAZN;PRESIDENTE PERÓN INTERNATIONAL AIRPORT;NEUQUEN;;ARGENTINA;AMERICA DO SUL
SAZS;SAN CARLOS DE BARILOCHE AIRPORT;SAN CARLOS DE BARILOCHE;;ARGENTINA;AMERICA DO SUL
SBAA;CONCEI«√O DO ARAGUAIA;CONCEI«√O DO ARAGUAIA;PA;BRASIL;AMERICA DO SUL
SBAE;BAURU/AREALVA;AREALVA;SP;BRASIL;AMERICA DO SUL
SBAF;CAMPO DOS AFONSOS;RIO DE JANEIRO;RJ;BRASIL;AMERICA DO SUL
SBAG;ANGRA DOS REIS  ;ANGRA DOS REIS  ;RJ;BRASIL;AMERICA DO SUL
SBAM;AMAP¡;AMAP¡;AP;BRASIL;AMERICA DO SUL
SBAN;BASE AEREA DE ANAPOLIS;AN¡POLIS;GO;BRASIL;AMERICA DO SUL
SBAQ;BARTOLOMEU DE GUSM√O;ARARAQUARA;SP;BRASIL;AMERICA DO SUL
SBAR;SANTA MARIA;ARACAJU;SE;BRASIL;AMERICA DO SUL
SBAS;MARCELO PIRES HALZHAUSEN;ASSIS;SP;BRASIL;AMERICA DO SUL
SBAT;DEPUTADO BENEDITO SANTIAGO;ALTA FLORESTA;MT;BRASIL;AMERICA DO SUL
SBAU;ESTADUAL DARIO GUARITA;ARA«ATUBA;SP;BRASIL;AMERICA DO SUL
SBAV;USINA PORTO PRIMAVERA ;TEODORO SAMPAIO;SP;BRASIL;AMERICA DO SUL
SBAX;ROMEU ZEMA;ARAX¡;MG;BRASIL;AMERICA DO SUL
SBBE;VAL DE CANS;BEL…M;PA;BRASIL;AMERICA DO SUL
SBBG;COMANDANTE GUSTAVO KRAEMER;BAG…;RS;BRASIL;AMERICA DO SUL
SBBH;PAMPULHA - CARLOS DRUMMOND DE ANDRADE;BELO HORIZONTE;MG;BRASIL;AMERICA DO SUL
SBBI;BACACHERI;CURITIBA;PR;BRASIL;AMERICA DO SUL
SBBQ;MAJOR BRIGADEIRO DO AR DOORGAL GOMES;BARBACENA;MG;BRASIL;AMERICA DO SUL
SBBR;PRESIDENTE JUSCELINO KUBITSCHEK;BRASÕLIA;DF;BRASIL;AMERICA DO SUL
SBBT;CHAFEI AMSEI;BARRETOS;SP;BRASIL;AMERICA DO SUL
SBBU;BAURU;BAURU;SP;BRASIL;AMERICA DO SUL
SBBV;ATLAS BRASIL CANTANHEDE;BOA VISTA;RR;BRASIL;AMERICA DO SUL
SBBW;BARRA DO GAR«AS;BARRA DO GAR«AS;MT;BRASIL;AMERICA DO SUL
SBBZ;UMBERTO MODIANO ;ARMA«√O DE B⁄ZIOS;RJ;BRASIL;AMERICA DO SUL
SBCA;ADALBERTO MENDES DA SILVA;CASCAVEL;PR;BRASIL;AMERICA DO SUL
SBCB;CABO FRIO;CABO FRIO;RJ;BRASIL;AMERICA DO SUL
SBCC;CACHIMBO;NOVO PROGRESSO;PA;BRASIL;AMERICA DO SUL
SBCD;CARLOS ALBERTO DA COSTA NEVES;CA«ADOR;SC;BRASIL;AMERICA DO SUL
SBCF;TANCREDO NEVES;CONFINS;MG;BRASIL;AMERICA DO SUL
SBCG;CAMPO GRANDE;CAMPO GRANDE;MS;BRASIL;AMERICA DO SUL
SBCH;SERAFIN ENOSS BERTASO;CHAPEC”;SC;BRASIL;AMERICA DO SUL
SBCI;BRIGADEIRO LYSIAS AUGUSTO RODRIGUES;CAROLINA;MA;BRASIL;AMERICA DO SUL
SBCJ;CARAJ¡S;PARAUAPEBAS;PA;BRASIL;AMERICA DO SUL
SBCM;DIOMÕCIO FREITAS;FORQUILHINHA;SC;BRASIL;AMERICA DO SUL
SBCN;NELSON RODRIGUES GUIMAR√ES;CALDAS NOVAS;GO;BRASIL;AMERICA DO SUL
SBCO;CANOAS;CANOAS;RS;BRASIL;AMERICA DO SUL
SBCP;BARTOLOMEU LISANDRO;CAMPOS DOS GOYTACAZES;RJ;BRASIL;AMERICA DO SUL
SBCR;CORUMB¡;CORUMB¡;MS;BRASIL;AMERICA DO SUL
SBCT;AFONSO PENA;S√O JOS… DOS PINHAIS;PR;BRASIL;AMERICA DO SUL
SBCV;CARAVELAS;CARAVELAS;BA;BRASIL;AMERICA DO SUL
SBCX;REGIONAL HUGO CANTERGIANI;CAXIAS DO SUL;RS;BRASIL;AMERICA DO SUL
SBCY;MARECHAL RONDON;V¡RZEA GRANDE;MT;BRASIL;AMERICA DO SUL
SBCZ;CRUZEIRO DO SUL;CRUZEIRO DO SUL;AC;BRASIL;AMERICA DO SUL
SBDB;BONITO;BONITO;MS;BRASIL;AMERICA DO SUL
SBDN;PRESIDENTE PRUDENTE;PRESIDENTE PRUDENTE;SP;BRASIL;AMERICA DO SUL
SBDO;AEROPORTO MUNCIPAL DE DOURADOS;DOURADOS;MS;BRASIL;AMERICA DO SUL
SBEG;EDUARDO GOMES;MANAUS;AM;BRASIL;AMERICA DO SUL
SBEK;JACAREACANGA;JACAREACANGA;PA;BRASIL;AMERICA DO SUL
SBFC;TENENTE LUND PRESETTO;FRANCA;SP;BRASIL;AMERICA DO SUL
SBFI;CATARATAS;FOZ DO IGUA«U;PR;BRASIL;AMERICA DO SUL
SBFL;HERCÕLIO LUZ;FLORIAN”POLIS;SC;BRASIL;AMERICA DO SUL
SBFN;FERNANDO DE NORONHA;FERNANDO DE NORONHA;PE;BRASIL;AMERICA DO SUL
SBFZ;PINTO MARTINS;FORTALEZA;CE;BRASIL;AMERICA DO SUL
SBGL;AEROPORTO INTERNACIONAL DO RIO DE JANEIRO/GALE√O ñ ANTONIO CARLOS JOBIM;RIO DE JANEIRO;RJ;BRASIL;AMERICA DO SUL
SBGM;GUAJAR¡-MIRIM;GUAJAR¡-MIRIM;RO;BRASIL;AMERICA DO SUL
SBGO;SANTA GENOVEVA;GOI¬NIA;GO;BRASIL;AMERICA DO SUL
SBGP;EMBRAER-UNIDADE GAVIAO PEIXOTO;GAVI√O PEIXOTO;SP;BRASIL;AMERICA DO SUL
SBGR;GUARULHOS - GOVERNADOR ANDR… FRANCO MONTORO;GUARULHOS;SP;BRASIL;AMERICA DO SUL
SBGS;PONTA GROSSA;PONTA GROSSA;PR;BRASIL;AMERICA DO SUL
SBGU;TANCREDO THOMAS DE FARIA;GUARAPUAVA;PR;BRASIL;AMERICA DO SUL
SBGV;CORONEL ALTINO MACHADO;GOVERNADOR VALADARES;MG;BRASIL;AMERICA DO SUL
SBHT;ALTAMIRA;ALTAMIRA;PA;BRASIL;AMERICA DO SUL
SBIC;ITACOATIARA;ITACOATIARA;AM;BRASIL;AMERICA DO SUL
SBIH;ITAITUBA;ITAITUBA;PA;BRASIL;AMERICA DO SUL
SBIL;BAHIA - JORGE AMADO;ILH…US;BA;BRASIL;AMERICA DO SUL
SBIP;USIMINAS;SANTANA DO PARAÕSO;MG;BRASIL;AMERICA DO SUL
SBIT;Aeroporto de Itumbiara - Francisco Vilela do Amaral;Itumbiara;GO;BRASIL;AMERICA DO SUL
SBIZ;PREFEITO RENATO MOREIRA;IMPERATRIZ;MA;BRASIL;AMERICA DO SUL
SBJA;REGIONAL SUL;JAGUARUNA;SC; BRASIL;AMERICA DO SUL
SBJC;J⁄LIO CESAR;BEL…M;PA;BRASIL;AMERICA DO SUL
SBJD;AEROPORTO DE JUNDIAÕ;JUNDIAÕ;SP;BRASIL;AMERICA DO SUL
SBJF;FRANCISCO DE ASSIS;JUIZ DE FORA;MG;BRASIL;AMERICA DO SUL
SBJI;JI-PARAN¡;JI-PARAN¡;RO;BRASIL;AMERICA DO SUL
SBJP;PRESIDENTE CASTRO PINTO;BAYEUX;PB;BRASIL;AMERICA DO SUL
SBJR;JACAREPAGU¡/RJ - ROBERTO MARINHO;RIO DE JANEIRO;RJ;BRASIL;AMERICA DO SUL
SBJU;ORLANDO BEZERRA DE MENEZES;JUAZEIRO DO NORTE;CE;BRASIL;AMERICA DO SUL
SBJV;LAURO CARNEIRO DE LOYOLA;JOINVILLE;SC;BRASIL;AMERICA DO SUL
SBKG;PRESIDENTE JO√O SUASSUNA;CAMPINA GRANDE;PB;BRASIL;AMERICA DO SUL
SBKP;VIRACOPOS;CAMPINAS;SP;BRASIL;AMERICA DO SUL
SBLE;HOR¡CIO DE MATTOS;LEN«”IS;BA;BRASIL;AMERICA DO SUL
SBLJ;CORREIA PINTO;LAGES;SC;BRASIL;AMERICA DO SUL
SBLN;GOVERNADOR LUCAS NOGUEIRA GARCEZ;LINS;SP;BRASIL;AMERICA DO SUL
SBLO;GOVERNADOR JOS… RICHA;LONDRINA;PR;BRASIL;AMERICA DO SUL
SBLP;BOM JESUS DA LAPA;BOM JESUS DA LAPA;BA;BRASIL;AMERICA DO SUL
SBMA;MARAB¡;MARAB¡;PA;BRASIL;AMERICA DO SUL
SBMC;MINA«U;MINA«U;GO;BRASIL;AMERICA DO SUL
SBMD;MONTE DOURADO;ALMEIRIM;PA;BRASIL;AMERICA DO SUL
SBME;MACA…;MACA…;RJ;BRASIL;AMERICA DO SUL
SBMG;REGIONAL DE MARING¡ - SÕLVIO NAME J⁄NIOR;MARING¡;PR;BRASIL;AMERICA DO SUL
SBMH;MARING¡;MARING¡;PR;BRASIL;AMERICA DO SUL
SBMK;M¡RIO RIBEIRO;MONTES CLAROS;MG;BRASIL;AMERICA DO SUL
SBML;FRANK MILOYE MILENKOVICH;MARÕLIA;SP;BRASIL;AMERICA DO SUL
SBMN;PONTA PELADA ;MANAUS;AM;BRASIL;AMERICA DO SUL
SBMO;ZUMBI DOS PALMARES;RIO LARGO;AL;BRASIL;AMERICA DO SUL
SBMQ;MACAP¡;MACAP¡;AP;BRASIL;AMERICA DO SUL
SBMS;DIX-SEPT ROSADO;MOSSOR”;RN;BRASIL;AMERICA DO SUL
SBMT;CAMPO DE MARTE;S√O PAULO;SP;BRASIL;AMERICA DO SUL
SBMY;MANICOR…;MANICOR…;AM;BRASIL;AMERICA DO SUL
SBNF;MINISTRO VICTOR KONDER;NAVEGANTES;SC;BRASIL;AMERICA DO SUL
SBNM;SANTO ¬NGELO;SANTO ¬NGELO;RS;BRASIL;AMERICA DO SUL
SBNT;AUGUSTO SEVERO;PARNAMIRIM;RN;BRASIL;AMERICA DO SUL
SBOI;OIAPOQUE;OIAPOQUE;AP;BRASIL;AMERICA DO SUL
SBPA;SALGADO FILHO;PORTO ALEGRE;RS;BRASIL;AMERICA DO SUL
SBPB;PREFEITO DOUTOR JO√O SILVA FILHO;PARNAÕBA;PI;BRASIL;AMERICA DO SUL
SBPC;EMBAIXADOR WALTHER MOREIRA SALLES;PO«OS DE CALDAS;MG;BRASIL;AMERICA DO SUL
SBPF;LAURO KURTZ;PASSO FUNDO;RS;BRASIL;AMERICA DO SUL
SBPJ;BRIGADEIRO LYSIAS RODRIGUES;PALMAS;TO;BRASIL;AMERICA DO SUL
SBPK;PELOTAS;PELOTAS;RS;BRASIL;AMERICA DO SUL
SBPL;SENADOR NILO COELHO;PETROLINA;PE;BRASIL;AMERICA DO SUL
SBPM;PALMAS ;PALMAS;TO;BRASIL;AMERICA DO SUL
SBPN;PORTO NACIONAL;PORTO NACIONAL;TO;BRASIL;AMERICA DO SUL
SBPP;PONTA POR√;PONTA POR√;MS;BRASIL;AMERICA DO SUL
SBPS;PORTO SEGURO;PORTO SEGURO;BA;BRASIL;AMERICA DO SUL
SBPV;GOVERNADOR JORGE TEIXEIRA DE OLIVEIRA;PORTO VELHO;RO;BRASIL;AMERICA DO SUL
SBQV;VIT”RIA DA CONQUISTA;VIT”RIA DA CONQUISTA;BA;BRASIL;AMERICA DO SUL
SBRB;PL¡CIDO DE CASTRO;SENA MADUREIRA;AC;BRASIL;AMERICA DO SUL
SBRD;RONDON”POLIS;RONDON”POLIS;MT;BRASIL;AMERICA DO SUL
SBRF;GUARARAPES - GILBERTO FREYRE;RECIFE;PE;BRASIL;AMERICA DO SUL
SBRG;RIO GRANDE;RIO GRANDE;RS;BRASIL;AMERICA DO SUL
SBRJ;SANTOS DUMONT;RIO DE JANEIRO;RJ;BRASIL;AMERICA DO SUL
SBRP;LEITE LOPES;RIBEIR√O PRETO;SP;BRASIL;AMERICA DO SUL
SBSC;BARTOLOMEU DE GUSMAO  ;RIO DE JANEIRO;RJ;BRASIL;AMERICA DO SUL
SBSG;S√O GON«ALO DO AMARANTE;S√O GON«ALO DO AMARANTE;RN;BRASIL;AMERICA DO SUL
SBSJ;PROFESSOR URBANO ERNESTO STUMPF;S√O JOS… DOS CAMPOS;SP;BRASIL;AMERICA DO SUL
SBSL;MARECHAL CUNHA MACHADO;S√O LUÕS;MA;BRASIL;AMERICA DO SUL
SBSM;SANTA MARIA;SANTA MARIA;RS;BRASIL;AMERICA DO SUL
SBSN;MAESTRO WILSON FONSECA;SANTAR…M;PA;BRASIL;AMERICA DO SUL
SBSP;CONGONHAS;S√O PAULO;SP;BRASIL;AMERICA DO SUL
SBSR;PROFESSOR ERIBERTO MANOEL REINO;S√O JOS… DO RIO PRETO;SP;BRASIL;AMERICA DO SUL
SBST;BASE AEREA;SANTOS;SP;BRASIL;AMERICA DO SUL
SBSV;DEPUTADO LUÕS EDUARDO MAGALH√ES;SALVADOR;BA;BRASIL;AMERICA DO SUL
SBTB;TROMBETAS;ORIXIMIN¡;PA;BRASIL;AMERICA DO SUL
SBTC;HOTEL TRANSAM…RICA;UNA;BA;BRASIL;AMERICA DO SUL
SBTD;LUÕS DAL CANALLE FILHO;TOLEDO;PR;BRASIL;AMERICA DO SUL
SBTE;SENADOR PETR‘NIO PORTELLA;TERESINA;PI;BRASIL;AMERICA DO SUL
SBTF;TEF…;TEF…;AM;BRASIL;AMERICA DO SUL
SBTG;AEROPORTO REGIONAL PLÕNIO ALARCON;TR S LAGOAS;MS;BRASIL;AMERICA DO SUL
SBTK;TARAUAC¡;TARAUAC¡;AC;BRASIL;AMERICA DO SUL
SBTL;TEL MACO BORBA;TEL MACO BORBA;PR;BRASIL;AMERICA DO SUL
SBTR;TORRES;TORRES;RS;BRASIL;AMERICA DO SUL
SBTS;TIRIOS;”BIDOS;PA;BRASIL;AMERICA DO SUL
SBTT;TABATINGA;TABATINGA;AM;BRASIL;AMERICA DO SUL
SBTU;TUCURUÕ;TUCURUÕ;PA;BRASIL;AMERICA DO SUL
SBTV;TERRAVISTA;PORTO SEGURO;BA;BRASIL;AMERICA DO SUL
SBUA;S√O GABRIEL DA CACHOEIRA;S√O GABRIEL DA CACHOEIRA;AM;BRASIL;AMERICA DO SUL
SBUF;PAULO AFONSO;PAULO AFONSO;BA;BRASIL;AMERICA DO SUL
SBUG;RUBEM BERTA;URUGUAIANA;RS;BRASIL;AMERICA DO SUL
SBUL;TENENTE-CORONEL AVIADOR C…SAR BOMBONATO;UBERL¬NDIA;MG;BRASIL;AMERICA DO SUL
SBUR;M¡RIO DE ALMEIDA FRANCO;UBERABA;MG;BRASIL;AMERICA DO SUL
SBUY;URUCU;COARI;AM;BRASIL;AMERICA DO SUL
SBVG;MAJOR BRIGADEIRO TROMPOWSKY;VARGINHA;MG;BRASIL;AMERICA DO SUL
SBVH;BRIGADEIRO CAMAR√O;VILHENA;RO;BRASIL;AMERICA DO SUL
SBVT;EURICO DE AGUIAR SALLES;VIT”RIA;ES;BRASIL;AMERICA DO SUL
SBYA;IAUARET ;S√O GABRIEL DA CACHOEIRA;AM;BRASIL;AMERICA DO SUL
SBYS;CAMPO FONTENELLE/ACADEMIA DA FOR«A A…REA;PIRASSUNUNGA;SP;BRASIL;AMERICA DO SUL
SBZM;REGIONAL DA ZONA DA MATA;GOIAN¡;MG;BRASIL;AMERICA DO SUL
SCAR;CHACALLUTA INTERNATIONAL AIRPORT;ARICA;;CHILE;AMERICA DO SUL
SCCF;EL LOA AIRPORT;;;CHILE;AMERICA DO SUL
SCCI;CARLOS IBANEZ DEL CAMPO INTERNATIONAL AIRPORT;PUNTA ARENAS;;CHILE;AMERICA DO SUL
SCDA;DIEGO ARACENA INTERNATIONAL AIRPORT;IQUIQUE;;CHILE;AMERICA DO SUL
SCEL;COMODORO ARTURO MERINO BENÍTEZ INTERNATIONAL AIRPORT;SANTIAGO DO CHILE;;CHILE;AMERICA DO SUL
SCFA;CERRO MORENO INTERNATIONAL AIRPORT;ANTOFAGASTA;;CHILE;AMERICA DO SUL
SCIE;CARRIEL SUR INTERNATIONAL AIRPORT;CONCEPCION/CARRIEL SUR;;CHILE;AMERICA DO SUL
SCQP;LA ARAUCANIA AIRPORT;;;CHILE;AMERICA DO SUL
SCTE;EL TEPUAL INTERNATIONAL AIRPORT;PUERTO MONTT INTL EL TEPU;;CHILE;AMERICA DO SUL
SCTI;LOS CERRILLOS AIRPORT;SANTIAGO LOS CERILLOS;;CHILE;AMERICA DO SUL
SDAA;ARARAS;ARARAS;SP;BRASIL;AMERICA DO SUL
SDAG;ANGRA DOS REIS;ANGRA DOS REIS;RJ;BRASIL;AMERICA DO SUL
SDAM;AMARAIS;CAMPINAS;SP;BRASIL;AMERICA DO SUL
SDBB;BEBEDOURO;BEBEDOURO;SP;BRASIL;AMERICA DO SUL
SDBK;TANCREDO DE ALMEIDA NEVES;BOTUCATU;SP;BRASIL;AMERICA DO SUL
SDCG;SENADORA EUNICE MICHILES;S√O PAULO DE OLIVEN«A;AM;BRASIL;AMERICA DO SUL
SDCO;SOROCABA;SOROCABA;SP;BRASIL;AMERICA DO SUL
SDFR;CABO FRIO;CABO FRIO;RJ;BRASIL;AMERICA DO SUL
SDLK;CACUL…;CACUL…;BA;BRASIL;AMERICA DO SUL
SDLU;FAZENDA SANTA LUZIA;BARRA BONITA;SP;BRASIL;AMERICA DO SUL
SDMC;MARIC¡;MARIC¡;RJ;BRASIL;AMERICA DO SUL
SDOU;OURINHOS;OURINHOS;SP;BRASIL;AMERICA DO SUL
SDOV;MOZARL¬NDIA;MOZARL¬NDIA;GO;BRASIL;AMERICA DO SUL
SDOW;OURIL¬NDIA DO NORTE;OURIL¬NDIA DO NORTE;PA;BRASIL;AMERICA DO SUL
SDPA;FAZ. PORTO BELO;MANGARATIBA;RJ;BRASIL;AMERICA DO SUL
SDRS;RESENDE;RESENDE;RJ;BRASIL;AMERICA DO SUL
SDSC;M¡RIO PEREIRA LOPES;S√O CARLOS;SP;BRASIL;AMERICA DO SUL
SDTK;PARATI;PARATI;RJ;BRASIL;AMERICA DO SUL
SDUB;GAST√O MADEIRA;UBATUBA;SP;BRASIL;AMERICA DO SUL
SDUN;ITAPERUNA;ITAPERUNA;RJ;BRASIL;AMERICA DO SUL
SDVE;VERA CRUZ;VERA CRUZ;SP;BRASIL;AMERICA DO SUL
SDVG;DOMINGOS PIGNATARI;VOTUPORANGA;SP;BRASIL;AMERICA DO SUL
SDZY;AEROPORTO REGIONAL DE ZONA DA MATA;JUIZ DE FORA/UB¡/CATAGUASES;MG;BRASIL;AMERICA DO SUL
SEGU;JOSE  JOAQUIçN DE OLMEDO INTERNATIONAL AIRPORT;GUAYAQUIL;;EQUADOR;AMERICA DO SUL
SELT;COTOPAXI INTERNATIONAL AIRPORT;LATACUNGA;;EQUADOR;AMERICA DO SUL
SEMT;ELOY ALFARO INTERNATIONAL AIRPORT;MANTA;;EQUADOR;AMERICA DO SUL
SEQM;MARISCAL SUCRE INTERNATIONAL AIRPORT;TABABELA;;EQUADOR;AMERICA DO SUL
SEQU;QUITO;QUITO;;EQUADOR;AMERICA DO SUL
SGAS;SILVIO PETTIROSSI INTERNATIONAL AIRPORT;ASSUNCAO;;PARAGUAI;AMERICA DO SUL
SGES;GUARANI INTERNATIONAL AIRPORT;CIDADE DEL ESTE;;PARAGUAI;AMERICA DO SUL
SIBU;CATOL… DO ROCHA;CATOL… DO ROCHA;PB;BRASIL;AMERICA DO SUL
SIFV;ARACRUZ;ARACRUZ;ES;BRASIL;AMERICA DO SUL
SIGP;GAVIAO PEIXOTO;GAVI√O PEIXOTO;SP;BRASIL;AMERICA DO SUL
SIKC;COLIDER;COLÕDER;MT;BRASIL;AMERICA DO SUL
SILC;LUCAS DO RIO VERDE;LUCAS DO RIO VERDE;MT;BRASIL;AMERICA DO SUL
SILJ;LARANJAL DO JARI;LARANJAL DO JARI;AP;BRASIL;AMERICA DO SUL
SIMK;TENENTE LUND PRESETTO;FRANCA;SP;BRASIL;AMERICA DO SUL
SIQE;BOTELHO;BRASÕLIA;DF;BRASIL;AMERICA DO SUL
SIRI;BARRA GRANDE;Mara˙;BA;BRASIL;AMERICA DO SUL
SISO;FAZENDA SANTO AMBROSIO;CHAVES;PA;BRASIL;AMERICA DO SUL
SIXE;AEROCLUBE DE ELDORADO DO SUL;ELDORADO DO SUL;RS;BRASIL;AMERICA DO SUL
SIZX;JUARA SUL;JUARA;MT;BRASIL;AMERICA DO SUL
SJCW;JATAPU;URUCAR¡;AM;BRASIL;AMERICA DO SUL
SJDB;BONITO;BONITO;MS;BRASIL;AMERICA DO SUL
SJGU;AER”DROMO ARAGUATINS;ARAGUATINS;TO;BRASIL;AMERICA DO SUL
SJHG;CONFRESA  ;CONFRESA;MT;BRASIL;AMERICA DO SUL
SJKB;COTRIGUACU;COTRIGUA«U;MT;BRASIL;AMERICA DO SUL
SJLM;LE√O DE OURO;PACAIMA;RR;BRASIL;AMERICA DO SUL
SJLU;MISSAO CATRIMANI;CARACARAÕ;RR;BRASIL;AMERICA DO SUL
SJNP;NOVO PROGRESSO;NOVO PROGRESSO;PA;BRASIL;AMERICA DO SUL
SJQK;BARRA DO VENTO  ;BOA VISTA;RR;BRASIL;AMERICA DO SUL
SJQP;EST¬NCIA REBOG;COCALINHO;MT;BRASIL;AMERICA DO SUL
SJRG;RIO GRANDE;RIO GRANDE;RS;BRASIL;AMERICA DO SUL
SJTC;MOUSSA NAKHL TOBIAS;AREALVA;SP;BRASIL;AMERICA DO SUL
SJTS;TERRA SANTA;TERRA SANTA;PA;BRASIL;AMERICA DO SUL
SJUQ;FAZENDA VISTA ALEGRE;TR S LAGOAS;MS;BRASIL;AMERICA DO SUL
SJUR;TERRAVISTA;PORTO SEGURO;BA;BRASIL;AMERICA DO SUL
SJVO;ARAGAR«AS;ARAGAR«AS;GO;BRASIL;AMERICA DO SUL
SKBO;EL DORADO INTERNATIONAL AIRPORT;BOGOTA;;COLOMBIA;AMERICA DO SUL
SKBQ;ERNESTO CORTISSOZ INTERNATIONAL AIRPORT;BARRANQUILLA;;COLOMBIA;AMERICA DO SUL
SKCG;RAFAEL NUNEZ INTERNATIONAL AIRPORT;;;COLOMBIA;AMERICA DO SUL
SKCL;ALFONSO BONILLA ARAGÓN INTERNATIONAL AIRPORT;CALI;;COLOMBIA;AMERICA DO SUL
SKLT;ALFREDO VÁSQUEZ COBO INTERNATIONAL AIRPORT;LETICIA;;COLOMBIA;AMERICA DO SUL
SKMD;OLAYA HERRERA AIRPORT;MEDELLIN/OLAYA HERRERA;;COLOMBIA;AMERICA DO SUL
SKPE;MATECAÑA INTERNATIONAL AIRPORT;PEREIRA;;COLOMBIA;AMERICA DO SUL
SKRG;JOSÉ MARÍA CÓRDOVA INTERNATIONAL AIRPORT;RIO NEGRO/JOSE MARIA CORDOV;;COLOMBIA;AMERICA DO SUL
SLCB;JORGE WILSTERMANN INTERNATIONAL AIRPORT;COCHABAMBA;;BOLIVIA;AMERICA DO SUL
SLCP;CONCEPCIÓN AIRPORT;;;BOLIVIA;AMERICA DO SUL
SLLP;EL ALTO INTERNATIONAL AIRPORT;LA PAZ;;BOLIVIA;AMERICA DO SUL
SLPS;PUERTO SUÁREZ INTERNATIONAL AIRPORT;PUERTO SUAREZ;;BOLIVIA;AMERICA DO SUL
SLSA;SANTA ANA DEL YACUMA AIRPORT;;;BOLIVIA;AMERICA DO SUL
SLTR;TENIENTE JORGE HENRICH ARAUZ AIRPORT;;;BOLIVIA;AMERICA DO SUL
SLVR;VIRU VIRU INTERNATIONAL AIRPORT;VIRU VIRU;;BOLIVIA;AMERICA DO SUL
SMJP;JOHAN ADOLF PENGEL INTERNATIONAL AIRPORT (ZANDERIJ INT´L);ZANDERY;;SURINAME;AMERICA DO SUL
SMPB;PARAMARIBO;PARAMARIBO;;SURINAME;AMERICA DO SUL
SNAB;ARARIPINA;ARARIPINA;PE;BRASIL;AMERICA DO SUL
SNAH;ADUSTINA;ADUSTINA;BA;BRASIL;AMERICA DO SUL
SNAP;JANA⁄BA;JANA⁄BA;MG;BRASIL;AMERICA DO SUL
SNAT;ARACATI;ARACATI;CE;BRASIL;AMERICA DO SUL
SNAV;AGROVALE;JUAZEIRO;BA;BRASIL;AMERICA DO SUL
SNBA;CHAFEI AMSEI;BARRETOS;SP;BRASIL;AMERICA DO SUL
SNBI;BACABAL;BACABAL;MA;BRASIL;AMERICA DO SUL
SNBR;BARREIRAS;BARREIRAS;BA;BRASIL;AMERICA DO SUL
SNBS;BALSAS;BALSAS;MA;BRASIL;AMERICA DO SUL
SNBU;BRUMADO;BRUMADO;BA;BRASIL;AMERICA DO SUL
SNBV;CAMPO DE BOI ;IPIXUNA DO PAR¡;PA;BRASIL;AMERICA DO SUL
SNBW;BAI√O;BAI√O;PA;BRASIL;AMERICA DO SUL
SNBX;BARRA;BARRA;BA;BRASIL;AMERICA DO SUL
SNCB;CAMPO DE BOI;IPIXUNA DO PAR¡;PA;BRASIL;AMERICA DO SUL
SNCI;CIBRASA;CAPANEMA;PA;BRASIL;AMERICA DO SUL
SNDB;RUR”POLIS;RUR”POLIS;PA;BRASIL;AMERICA DO SUL
SNDC;REDEN«√O;REDEN«√O;PA;BRASIL;AMERICA DO SUL
SNDH;ABA;BARREIRAS;BA;BRASIL;AMERICA DO SUL
SNDM;CHAPADA DIAMANTINA;LEN«”IS;BA;BRASIL;AMERICA DO SUL
SNDR;DOMINGOS REGO;TIMON;MA;BRASIL;AMERICA DO SUL
SNDT;DIAMANTINA;DIAMANTINA;MG;BRASIL;AMERICA DO SUL
SNDV;BRIGADEIRO CABRAL;DIVIN”POLIS;MG;BRASIL;AMERICA DO SUL
SNEB;PARAGOMINAS;PARAGOMINAS;PA;BRASIL;AMERICA DO SUL
SNFE;COMANDANTE PASCHOAL PATROCÕNIO FILHO;ALFENAS;MG;BRASIL;AMERICA DO SUL
SNFX;S√O F…LIX DO XINGU;S√O F…LIX DO XINGU;PA;BRASIL;AMERICA DO SUL
SNGI;GUANAMBI;GUANAMBI;BA;BRASIL;AMERICA DO SUL
SNGV;GOVERNADOR VALADARES;GOVERNADOR VALADARES;MG;BRASIL;AMERICA DO SUL
SNHS;SANTA MAGALH√ES;SERRA TALHADA;PE;BRASIL;AMERICA DO SUL
SNIC;IREC ;IREC ;BA;BRASIL;AMERICA DO SUL
SNIG;IGUATU;IGUATU;CE;BRASIL;AMERICA DO SUL
SNIU;IPIA⁄;IPIA⁄;BA;BRASIL;AMERICA DO SUL
SNJB;JACOBINA;JACOBINA;BA;BRASIL;AMERICA DO SUL
SNJD;JO√O DURVAL CARNEIRO;FEIRA DE SANTANA;BA;BRASIL;AMERICA DO SUL
SNJK;JEQUI…;JEQUI…;BA;BRASIL;AMERICA DO SUL
SNJR;S√O JO√O DEL REI;S√O JO√O DEL REI;MG;BRASIL;AMERICA DO SUL
SNKE;SANTANA DO ARAGUAIA;SANTANA DO ARAGUAIA;PA;BRASIL;AMERICA DO SUL
SNKI;CACHOEIRO DE ITAPEMIRIM;CACHOEIRO DE ITAPEMIRIM;ES;BRASIL;AMERICA DO SUL
SNKK;CAIC”;CAIC”;RN;BRASIL;AMERICA DO SUL
SNLA;AGROPECUARIA UMUARAMA ;PARAUAPEBAS;PA;BRASIL;AMERICA DO SUL
SNMA;MONTE ALEGRE;MONTE ALEGRE;PA;BRASIL;AMERICA DO SUL
SNMD;MUNDICO COELHO;ITAITUBA;PA;BRASIL;AMERICA DO SUL
SNMH;AEROPORTO DE PIREN”POLIS;PIREN”POLIS;GO;BRASIL;AMERICA DO SUL
SNMJ;MARAC¡S;MARAC¡S;BA;BRASIL;AMERICA DO SUL
SNMK;MOCAMBINHO;JAÕBA;MG;BRASIL;AMERICA DO SUL
SNML;MANDUCA LEAO;RIO LARGO;AL;BRASIL;AMERICA DO SUL
SNMU;MUCURI;MUCURI;BA;BRASIL;AMERICA DO SUL
SNMX;S√O MATEUS;S√O MATEUS;ES;BRASIL;AMERICA DO SUL
SNMZ;PORTO DE MOZ;PORTO DE MOZ;PA;BRASIL;AMERICA DO SUL
SNNC;RIO CAPIM;IPIXUNA DO PAR¡;PA;BRASIL;AMERICA DO SUL
SNNG;PROGRESSO;NOVO PROGRESSO;PA;BRASIL;AMERICA DO SUL
SNOB;VIRGÕLIO T¡VORA;SOBRAL;CE;BRASIL;AMERICA DO SUL
SNOX;ORIXIMIN¡;ORIXIMIN¡;PA;BRASIL;AMERICA DO SUL
SNPC;PICOS;PICOS;PI;BRASIL;AMERICA DO SUL
SNPD;PATOS DE MINAS;PATOS DE MINAS;MG;BRASIL;AMERICA DO SUL
SNPG;PORTO GRANDE;PORTO GRANDE;AP;BRASIL;AMERICA DO SUL
SNPJ;PATROCÕNIO;PATROCÕNIO;MG;BRASIL;AMERICA DO SUL
SNPP;MORRO DE S√O PAULO;MORRO DE S√O PAULO;BA;BRASIL;AMERICA DO SUL
SNPV;PORTO DE VILA DO CONDE;BARCARENA;PA;BRASIL;AMERICA DO SUL
SNPY;S√O SEBASTI√O DO PARAÕSO;S√O SEBASTI√O DO PARAÕSO;MG;BRASIL;AMERICA DO SUL
SNQD;SOUSA;SOUSA;PB;BRASIL;AMERICA DO SUL
SNQG;CANGAPARA;FLORIANO;PI;BRASIL;AMERICA DO SUL
SNQW;CURURU;JACAREACANGA;PA;BRASIL;AMERICA DO SUL
SNQY;CARIRI;JUAZEIRO DO NORTE;CE;BRASIL;AMERICA DO SUL
SNRB;ROSA BRANCA;ITAITUBA;PA;BRASIL;AMERICA DO SUL
SNRU;OSCAR LARANJEIRAS;CARUARU;PE;BRASIL;AMERICA DO SUL
SNSH;SAO JOSE  ;SANTAR…M;PA;BRASIL;AMERICA DO SUL
SNSM;SALIN”POLIS;SALIN”POLIS;PA;BRASIL;AMERICA DO SUL
SNSW;SOURE;SOURE;PA;BRASIL;AMERICA DO SUL
SNTF;TEIXEIRA DE FREITAS;TEIXEIRA DE FREITAS;BA;BRASIL;AMERICA DO SUL
SNTI;”BIDOS;”BIDOS;PA;BRASIL;AMERICA DO SUL
SNTO;JUSCELINO KUBITSCHECK;TE”FILO OTONI;MG;BRASIL;AMERICA DO SUL
SNTP;AGROPALMA ;TAIL¬NDIA;PA;BRASIL;AMERICA DO SUL
SNTS;PEREGRINO FILHO;PATOS;PB;BRASIL;AMERICA DO SUL
SNUB;UB¡;UB¡;MG;BRASIL;AMERICA DO SUL
SNUC;A«U;A«U;RN;BRASIL;AMERICA DO SUL
SNUI;ARA«UAÕ;ARA«UAÕ;MG;BRASIL;AMERICA DO SUL
SNUO;ULIAN”POLIS  ;ULIAN”POLIS  ;PA;BRASIL;AMERICA DO SUL
SNVB;VALEN«A;VALEN«A;BA;BRASIL;AMERICA DO SUL
SNVR;AEROCLUBE DA BAHIA;VERA CRUZ;BA;BRASIL;AMERICA DO SUL
SNVS;BREVES;BREVES;PA;BRASIL;AMERICA DO SUL
SNVV;VALENTE;VALENTE;BA;BRASIL;AMERICA DO SUL
SNWR;WILMA REBELO;SENADOR JOS… PORFÕRIO;PA;BRASIL;AMERICA DO SUL
SNXL;PRIMAVERA;QUER NCIA;MT;BRASIL;AMERICA DO SUL
SNXW;CHAVES;CHAVES;PA;BRASIL;AMERICA DO SUL
SNYA;ALMEIRIM;ALMEIRIM;PA;BRASIL;AMERICA DO SUL
SNYB;TITO TEIXEIRA;ITUIUTABA;MG;BRASIL;AMERICA DO SUL
SNYV;FAZENDA SOCOCO  ;MOJU;PA;BRASIL;AMERICA DO SUL
SNZA;POUSO ALEGRE;POUSO ALEGRE;MG;BRASIL;AMERICA DO SUL
SOCA;CAYENNE-ROCHAMBEAU AIRPORT;CAIENA;;GUIANA FRANCESA;AMERICA DO SUL
SPCL;CAPITÁN ROLDEN AIRPORT (OR CAPITÁN FAP DAVID ABENZUR RENGIFO AIRPORT);PUCALLPA;;PERU;AMERICA DO SUL
SPIM;JORGE CHÁVEZ INTERNATIONAL AIRPORT;LIMA;;PERU;AMERICA DO SUL
SPJC;JORGE CHÁVEZ INTERNATIONAL AIRPORT;LIMA;;PERU;AMERICA DO SUL
SPLP;LAS PALMAS AIR BASE (MILITARY);LAS PALMAS;;PERU;AMERICA DO SUL
SPQT;CORONEL FAP FRANCISCO SECADA VIGNETTA AIRPORT;IQUITOS;;PERU;AMERICA DO SUL
SPQU;RODRÍGUEZ BALLÓN INTERNATIONAL AIRPORT;AREQUIPA/RODRIGUEZ BALLON;;PERU;AMERICA DO SUL
SPRU;CAPITÁN FAP CARLOS MARTÍNEZ DE PINILLOS AIRPORT;;;PERU;AMERICA DO SUL
SPSO;CAPITÁN FAP RENÁN ELÍAS OLIVERA AIRPORT;PISCO;;PERU;AMERICA DO SUL
SPSP;SAN PABLO AIRPORT;;;PERU;AMERICA DO SUL
SPTN;CORONEL FAP CARLOS CIRIANI SANTA ROSA AIRPORT;TACNA;;PERU;AMERICA DO SUL
SPTU;PADRE JOSE DE ALDAMIZ INTERNATIONAL AIRPORT;;;PERU;AMERICA DO SUL
SPZO;SUBTENIENTE FAP ALEJANDRO VELASCO ASTETE INTERNATIONAL AIRPORT;CUZCO;;PERU;AMERICA DO SUL
SSAC;FAZENDA NOVA JERUSAL…M;SORRISO;MT;BRASIL;AMERICA DO SUL
SSBB;ESTRELA DALVA;BODOQUENA;MS;BRASIL;AMERICA DO SUL
SSBG;AEROCLUBE ;BENTO GON«ALVES;RS;BRASIL;AMERICA DO SUL
SSBN;BEL…M NOVO;PORTO ALEGRE;RS;BRASIL;AMERICA DO SUL
SSCC;CACADOR;CA«ADOR;SC;BRASIL;AMERICA DO SUL
SSCK;OLAVO CECCO RIGON;CONC”RDIA;SC;BRASIL;AMERICA DO SUL
SSCN;CANELA;CANELA;RS;BRASIL;AMERICA DO SUL
SSDO;MUNICIPAL FRANCISCO DE MATOS PEREIRA;DOURADOS;MS;BRASIL;AMERICA DO SUL
SSER;ERECHIM;ERECHIM;RS;BRASIL;AMERICA DO SUL
SSFB;AEROPORTO PAULO ABDALA;FRANCISCO BELTR√O;PR;BRASIL;AMERICA DO SUL
SSHZ;WALTER B‹NDCHEN;HORIZONTINA;RS;BRASIL;AMERICA DO SUL
SSIJ;IJUÕ;IJUÕ;RS;BRASIL;AMERICA DO SUL
SSJA;SANTA TEREZINHA;JOA«ABA;SC;BRASIL;AMERICA DO SUL
SSKM;GERALDO GUIAS DE AQUINO;CAMPO MOUR√O;PR;BRASIL;AMERICA DO SUL
SSKW;CACOAL;CACOAL;RO;BRASIL;AMERICA DO SUL
SSLS;SALTO SANTIAGO;LARANJEIRAS DO SUL;PR;BRASIL;AMERICA DO SUL
SSLT;GAUD NCIO MACHADO RAMOS;ALEGRETE;RS;BRASIL;AMERICA DO SUL
SSNC;FAZENDA CORRENT√O;APOR…;GO;BRASIL;AMERICA DO SUL
SSND;SANTA MARIA;S√O F…LIX DO ARAGUAIA;MT;BRASIL;AMERICA DO SUL
SSNH;NOVO HAMBURGO;NOVO HAMBURGO;RS;BRASIL;AMERICA DO SUL
SSNM;GUARANT√;GUARANT√ DO NORTE;MT;BRASIL;AMERICA DO SUL
SSOE;H…LIO WASUM;S√O MIGUEL DO OESTE;SC;BRASIL;AMERICA DO SUL
SSPB;JUVENAL LOUREIRO CARDOSO;PATO BRANCO;PR;BRASIL;AMERICA DO SUL
SSPG;SANTOS DUMONT;PARANAGU¡;PR;BRASIL;AMERICA DO SUL
SSPK;PORECATU;PORECATU;PR;BRASIL;AMERICA DO SUL
SSSC;SANTA CRUZ DO SUL;SANTA CRUZ DO SUL;RS;BRASIL;AMERICA DO SUL
SSTD;TOLEDO;TOLEDO;PR;BRASIL;AMERICA DO SUL
SSTL;AEROPORTO REGIONAL PLÕNIO ALARCON;TR S LAGOAS;MS;BRASIL;AMERICA DO SUL
SSUM;ORLANDO DE CARVALHO;UMUARAMA;PR;BRASIL;AMERICA DO SUL
SSUW;GUARAPUAVA;GUARAPUAVA;PR;BRASIL;AMERICA DO SUL
SSVI;¬NGELO PONZONI;VIDEIRA;SC;BRASIL;AMERICA DO SUL
SSZR;SANTA ROSA;SANTA ROSA;RS;BRASIL;AMERICA DO SUL
SULS;C/C CARLOS A. CURBELO DE LAGUNA DEL SAUCE INTERNATIONAL AIRPORT;MALDONADO-URUGUAI;;URUGUAI;AMERICA DO SUL
SUME;RICARDO DETOMASI AIRPORT;;;URUGUAI;AMERICA DO SUL
SUMU;CARRASCO GRAL. CESÁREO L. BERISSO INTERNATIONAL AIRPORT;MONTEVIDEU;;URUGUAI;AMERICA DO SUL
SUPE;EL JAGÜEL AIRPORT;PUNTA DEL ESTE;;URUGUAI;AMERICA DO SUL
SURV;PTE. GRAL. ÓSCAR D. GESTIDO INTERNATIONAL AIRPORT;INTL RIVERA;;URUGUAI;AMERICA DO SUL
SUSO;NUEVA HESPÉRIDES INTERNATIONAL AIRPORT;SALTO;;URUGUAI;AMERICA DO SUL
SVBC;GENERAL JOSE ANTONIO ANZOÁTEGUI INTERNATIONAL AIRPORT;BARCELONA;;VENEZUELA;AMERICA DO SUL
SVBI;BARINAS AIRPORT;;;VENEZUELA;AMERICA DO SUL
SVCP;GENERAL JOSÉ FRANCISCO BERMÚDEZ AIRPORT;CARUPANO;;VENEZUELA;AMERICA DO SUL
SVJC;JOSEFA CAMEJO INTERNATIONAL AIRPORT;PARAGUANA;;VENEZUELA;AMERICA DO SUL
SVMC;LA CHINITA INTERNATIONAL AIRPORT;MARACAIBO/LA CHINITA INTL.;;VENEZUELA;AMERICA DO SUL
SVMG;DEL CARIBE INTERNATIONAL AIRPORT (GEN. SANTIAGO MARINO AIRPORT);MARGARITA;;VENEZUELA;AMERICA DO SUL
SVMI;SIMON BOLIVAR INTERNATIONAL AIRPORT (MAIQUETIA INTERNATIONAL AIRPORT);CARACAS/INTL;;VENEZUELA;AMERICA DO SUL
SVMT;MATURÍN AIRPORT;MATURN,MONAGAS;;VENEZUELA;AMERICA DO SUL
SVPR;MANUEL CARLOS PIAR GUAYANA AIRPORT;GUAYANA;;VENEZUELA;AMERICA DO SUL
SVVA;ARTURO MICHELENA INTERNATIONAL AIRPORT;VALENCIA/INTL;;VENEZUELA;AMERICA DO SUL
SVVG;JUAN PABLO PEREZ ALFONSO AIRPORT;;;VENEZUELA;AMERICA DO SUL
SWAE;UAICAS;ALTO ALEGRE;RR;BRASIL;AMERICA DO SUL
SWBC;BARCELOS;BARCELOS;AM;BRASIL;AMERICA DO SUL
SWBI;BARREIRINHA;BARREIRINHA;AM;BRASIL;AMERICA DO SUL
SWBR;BORBA;BORBA;AM;BRASIL;AMERICA DO SUL
SWBU;FAZENDA FARTURA BAIXAO NOVO;PEIXOTO DE AZEVEDO;MT;BRASIL;AMERICA DO SUL
SWBV;AUARIS;AMAJARI;RR;BRASIL;AMERICA DO SUL
SWBZ;JPO SORRISO;SORRISO;MT;BRASIL;AMERICA DO SUL
SWCA;CARAUARI;CARAUARI;AM;BRASIL;AMERICA DO SUL
SWCB;CAMPOS BELOS;CAMPOS BELOS;GO;BRASIL;AMERICA DO SUL
SWCI;COLNIZA;ARIPUAN√;MT;BRASIL;AMERICA DO SUL
SWCP;CAMPO NOVO DOS PARECIS;CAMPO NOVO DO PARECIS;MT;BRASIL;AMERICA DO SUL
SWCQ;COSTA MARQUES;COSTA MARQUES;RO;BRASIL;AMERICA DO SUL
SWDB;AER”DROMO FAZENDA ELDORADO;BARRA DO GAR«AS;MT;BRASIL;AMERICA DO SUL
SWDE;FAZENDA PIRATININGA;S√O MIGUEL DO ARAGUAIA;GO;BRASIL;AMERICA DO SUL
SWDM;DIAMANTINO;DIAMANTINO;MT;BRASIL;AMERICA DO SUL
SWEE;ESTIR√O DO EQUADOR;ATALAIA DO NORTE;AM;BRASIL;AMERICA DO SUL
SWEI;EIRUNEP…;EIRUNEP…;AM;BRASIL;AMERICA DO SUL
SWEK;CANARANA;CANARANA;MT;BRASIL;AMERICA DO SUL
SWEU;CARACARAI ;CARACARAÕ;RR;BRASIL;AMERICA DO SUL
SWFJ;FEIJ”;FEIJ”;AC;BRASIL;AMERICA DO SUL
SWFN;FLORES;MANAUS;AM;BRASIL;AMERICA DO SUL
SWFX;S√O F…LIX DO ARAGUAIA;S√O F…LIX DO ARAGUAIA;MT;BRASIL;AMERICA DO SUL
SWGI;GURUPI;GURUPI;TO;BRASIL;AMERICA DO SUL
SWGN;ARAGUAÕNA;ARAGUAÕNA;TO;BRASIL;AMERICA DO SUL
SWGP;PALMEIRAS DE GOI¡S;PALMEIRAS DE GOI¡S;GO;BRASIL;AMERICA DO SUL
SWHG;AEROPORTO DE SANTA HELENA DO GOI¡S;SANTA HELENA DO GOI¡S;GO;BRASIL;AMERICA DO SUL
SWHP;FAZENDA OLHO DAGUA;¡GUA BOA;MT;BRASIL;AMERICA DO SUL
SWHT;FRANCISCO CORREA DA CRUZ;HUMAIT¡;AM;BRASIL;AMERICA DO SUL
SWII;IPIRANGA;SANTO ANT‘NIO DO I«¡;AM;BRASIL;AMERICA DO SUL
SWIQ;MINA«U;MINA«U;GO;BRASIL;AMERICA DO SUL
SWJH;JUARA;JUARA;MT;BRASIL;AMERICA DO SUL
SWJI;JI-PARAN¡;JI-PARAN¡;RO;BRASIL;AMERICA DO SUL
SWJN;JUÕNA;JUÕNA;MT;BRASIL;AMERICA DO SUL
SWJP;BITTENCOURT;JAPUR¡;AM;BRASIL;AMERICA DO SUL
SWJQ;FAZENDA COLIBRI;SELVÕRIA;MS;BRASIL;AMERICA DO SUL
SWJU;JURUENA;JURUENA;MT;BRASIL;AMERICA DO SUL
SWJW;JATAÕ;JATAÕ;GO;BRASIL;AMERICA DO SUL
SWKC;C¡CERES;C¡CERES;MT;BRASIL;AMERICA DO SUL
SWKK;CACOAL;CACOAL;RO;BRASIL;AMERICA DO SUL
SWKN;CALDAS NOVAS;CALDAS NOVAS;GO;BRASIL;AMERICA DO SUL
SWKO;COARI;COARI;AM;BRASIL;AMERICA DO SUL
SWLB;L¡BREA;L¡BREA;AM;BRASIL;AMERICA DO SUL
SWLC;GENERAL LEITE DE CASTRO;RIO VERDE;GO;BRASIL;AMERICA DO SUL
SWLV;ESTANCIA SANTO ANTONIO;SANTO ANT‘NIO DO LEVERGER;MT;BRASIL;AMERICA DO SUL
SWMP;MATUPA;GUARANT√ DO NORTE;MT;BRASIL;AMERICA DO SUL
SWMW;MAU…S;MAU…S;AM;BRASIL;AMERICA DO SUL
SWNA;NOVO ARIPUAN√;NOVO ARIPUAN√;AM;BRASIL;AMERICA DO SUL
SWNH;ARUAN√;ARUAN√;GO;BRASIL;AMERICA DO SUL
SWNK;NOVO CAMPO;BOCA DO ACRE;AM;BRASIL;AMERICA DO SUL
SWNO;NOVA OLINDA DO NORTE;NOVA OLINDA DO NORTE;AM;BRASIL;AMERICA DO SUL
SWNQ;NIQUEL¬NDIA;NIQUEL¬NDIA;GO;BRASIL;AMERICA DO SUL
SWNS;AN¡POLIS;AN¡POLIS;GO;BRASIL;AMERICA DO SUL
SWOB;FONTE BOA;FONTE BOA;AM;BRASIL;AMERICA DO SUL
SWOW;MOURA;BARCELOS;AM;BRASIL;AMERICA DO SUL
SWPC;PARI-CACHOEIRA;S√O GABRIEL DA CACHOEIRA;AM;BRASIL;AMERICA DO SUL
SWPD;POUSO DAAGUIA  ;BONFIM;RR;BRASIL;AMERICA DO SUL
SWPF;PITINGA;PRESIDENTE FIGUEIREDO;AM;BRASIL;AMERICA DO SUL
SWPI;J⁄LIO B…LEM;PARINTINS;AM;BRASIL;AMERICA DO SUL
SWPJ;PALMAS;PALMAS;TO;BRASIL;AMERICA DO SUL
SWPQ;PIRAGUASSU;PORTO ALEGRE DO NORTE;MT;BRASIL;AMERICA DO SUL
SWQR;EST¬NCIA MONTENEGRO;BOA VISTA;RR;BRASIL;AMERICA DO SUL
SWRD;RONDON”POLIS;RONDON”POLIS;MT;BRASIL;AMERICA DO SUL
SWRP;ARIPUANA  ;ARIPUAN√;MT;BRASIL;AMERICA DO SUL
SWSI;PRESIDENTE JO√O BATISTA FIGUEIREDO;SINOP;MT;BRASIL;AMERICA DO SUL
SWSQ;S√O JOAQUIM;S√O GABRIEL DA CACHOEIRA;AM;BRASIL;AMERICA DO SUL
SWTP;TAPURUQUARA;SANTA ISABEL DO RIO NEGRO;AM;BRASIL;AMERICA DO SUL
SWTS;TANGAR¡ DA SERRA;TANGAR¡ DA SERRA;MT;BRASIL;AMERICA DO SUL
SWTU;FAZENDA TUCUNARE;CAMPO NOVO DO PARECIS;MT;BRASIL;AMERICA DO SUL
SWUA;S√O MIGUEL DO ARAGUAIA;S√O MIGUEL DO ARAGUAIA;GO;BRASIL;AMERICA DO SUL
SWUQ;SURUCUCU OU SURUCURU;ALTO ALEGRE;RR;BRASIL;AMERICA DO SUL
SWUY;URUCU;COARI;AM;BRASIL;AMERICA DO SUL
SWVC;VILA RICA;VILA RICA;MT;BRASIL;AMERICA DO SUL
SWVR;ESTANCIA ROSALIA;SINOP;MT;BRASIL;AMERICA DO SUL
SWWA;PORANGATU; PORANGATU;GO;BRASIL;AMERICA DO SUL
SWWD;BARCELOS  ;BARCELOS;AM;BRASIL;AMERICA DO SUL
SWWU;URUA«U;URUA«U;GO;BRASIL;AMERICA DO SUL
SWXM;REGIONAL ORLANDO VILLAS BOAS;MATUP¡;MT;BRASIL;AMERICA DO SUL
SWXV;XAVANTINA;NOVA XAVANTINA;MT;BRASIL;AMERICA DO SUL
SWYK;FAZENDA ILHA CAMARGO;POCON…;MT;BRASIL;AMERICA DO SUL
SWYN;PRAINHA;APUÕ;AM;BRASIL;AMERICA DO SUL
SWYY;AEROPORTO FAZENDA NOVA VIENA;NOVA XAVANTINA;MT;BRASIL;AMERICA DO SUL
SWZM;USINA S√O SIM√O;USINA S√O SIM√O;GO;BRASIL;AMERICA DO SUL
SYCJ;CHEDDI JAGAN INTERNATIONAL AIRPORT;CHEDDI JAGAN INTL;;GUIANA;AMERICA DO SUL
TAPA;VC BIRD INTERNATIONAL AIRPORT;V.C. BIRD;;ANTIçGUA E BARBUDA;AMERICA CENTRAL
TBPB;GRANTLEY ADAMS INTERNATIONAL AIRPORT;BRIDGETOWN/GRANTLEY ADAMS;;BARBADOS;AMERICA CENTRAL
TFFF;FORT-DE-FRANCE - LE LAMENTIN AIRPORT;FORT-DE-FRANCE LAMENTIN;;MARTINICA;AMERICA DO NORTE
TFFR;POINTE-À-PITRE - LE RAIZET AIRPORT;POINTE-A-PITRE LE RAIZET;;GUADALUPE;AMERICA DO NORTE
TJBQ;RAFAEL HERNÁNDEZ AIRPORT;AGUADILLA;;PORTO RICO;AMERICA CENTRAL
TJSJ;LUIS MUÑOZ MARÍN INTERNATIONAL AIRPORT;SAN JUAN;;PORTO RICO;AMERICA CENTRAL
TNCA;QUEEN BEATRIX INTERNATIONAL AIRPORT;ARUBA;;ARUBA;AMERICA DO SUL
TNCC;HATO INTERNATIONAL AIRPORT;CURACAO;;CURACAO;AMERICA DO NORTE
TNCM;PRINCESS JULIANA INTERNATIONAL AIRPORT;PHILIPSBURG/PRINSES JULIANA;;ILHA DE SAO MARTINHO;AMERICA CENTRAL
TTCP;ARTHUR NAPOLEON RAYMOND ROBINSON INTERNATIONAL AIRPORT;SCARBOROUGH;;TRINIDAD E TOBAGO;AMERICA CENTRAL
TTPP;PIARCO INTERNATIONAL AIRPORT;PORT OF SPAIN;;TRINIDAD E TOBAGO;AMERICA CENTRAL
UKBB;BORYSPIL INTERNATIONAL AIRPORT;KIEV BORISPOL;;UCRANIA;EUROPA
UUEE;SHEREMETYEVO INTERNATIONAL AIRPORT;MOSCOU;;RUSSIA;EUROPA
UUWW;VNUKOVO AIRPORT;MOSCOW VNUKOVO;;RUSSIA;EUROPA
VDSR;ANGKOR INTERNATIONAL AIRPORT;;;CAMBOJA;ASIA
VHHH;HONG KONG INTERNATIONAL AIRPORT;HONG KONG;;HONG KONG;ASIA
VIAG;AGRA AIRPORT/AGRA AIR FORCE STATION;;;INDIA;ASIA
VOMM;CHENNAI INTERNATIONAL AIRPORT;CHENNAI;;IçNDIA;ASIA
VRMM;MALE INTERNATIONAL AIRPORT;MALE;;MALDIVAS;ASIA
VTBD;DON MUANG INTERNATIONAL AIRPORT (OLD BANGKOK INTERNATIONAL AIRPORT);BANGKOK/INTL;;TAILANDIA;ASIA
WIII;SOEKARNO HATTA INTERNATIONAL AIRPORT;JAKARTA SOEKARNO HATTA;;INDONESIA;ASIA
WSSL;SELETAR AIRPORT;SINGAPORE SELETAR;;SINGAPURA;ASIA
WSSS;SINGAPORE CHANGI AIRPORT/CHANGI AIR BASE (JOINT CIVILIAN-MILITARY USAGE);CHANGI;;SINGAPURA;ASIA
YBCS;CAIRNS INTERNATIONAL AIRPORT;CAIRNS;;AUSTRAÅLIA;OCEANIA
ZBAA;BEIJING CAPITAL INTERNATIONAL AIRPORT;BEIJING;;CHINA;ASIA
